{
  "T_ndi_base": {
    "matrix": [
      [
        -0.06278019840031163,
        -0.0013986961638516792,
        -0.9980263976157439,
        261.1487910401592
      ],
      [
        0.016987545182577637,
        0.9998526507287551,
        -0.0024698460178773527,
        -59.32268008147542
      ],
      [
        0.9978827937175224,
        -0.017109075945923202,
        -0.06274718736954848,
        -2145.455319529462
      ],
      [
        0.0,
        0.0,
        0.0,
        1.0
      ]
    ],
    "translation_vector": [
      261.1487910401592,
      -59.32268008147542,
      -2145.455319529462
    ],
    "euler_ZYX_deg": {
      "Z": 164.85904840613924,
      "Y": -86.27097005157925,
      "X": -164.7481053222475
    },
    "description": "NDI camera frame -> Robot base frame"
  },
  "T_ee_marker": {
    "matrix": [
      [
        0.005541351636538794,
        -0.6926267693377905,
        -0.7212748795145545,
        29.256247100914948
      ],
      [
        0.008801512052554361,
        0.7212917965411695,
        -0.6925753949051329,
        27.301800365901634
      ],
      [
        0.9999459119410554,
        -0.002510505747267966,
        0.010093094335433817,
        22.050821704867268
      ],
      [
        0.0,
        0.0,
        0.0,
        1.0
      ]
    ],
    "translation_vector": [
      29.256247100914948,
      27.301800365901634,
      22.050821704867268
    ],
    "euler_ZYX_deg": {
      "Z": 57.80585637562276,
      "Y": -89.40407681025532,
      "X": -13.968007122644782
    },
    "description": "Robot EE frame -> Marker frame"
  },
  "ndi_position_bias": [
    -0.2160138578519931,
    -0.16261557803088422,
    0.03649438929152524
  ],
  "ndi_axis_scale": [
    0.9897208776558672,
    0.9883136381731458,
    0.9945885314928737
  ],
  "translation_unit": "mm",
  "method": "Hybrid-PARK+LM+NDI-AXIS",
  "num_poses": 24,
  "navigation_formula": "T_base_ee_target = inv(T_ndi_base) @ T_ndi_marker_new @ inv(T_ee_marker)"
}